{
    "solver_time": [
        0.0,
        0.06691140000000001,
        0.058413
    ],
    "parameters": {
        "current_iteration": 10,
        "log_frequency": 4,
        "store_index": 3
    },
    "system_energy": [
        1.0730758598470886,
        1.0730758598470558,
        1.0730758598470336
    ],
    "system_power": [
        [
            0.5000000000000001,
            0.49999999999999284,
            0.49999999999998446
        ],
        [
            0.5000000000000001,
            0.49999999999999284,
            0.49999999999998446
        ]
    ],
    "solver_iterations": [
        0.0,
        420.0,
        360.0
    ],
    "step_time": [
        8.742744922633e-312,
        0.1119999885559082,
        0.07200002670288086
    ]
}
