{
    "solver_time": [
        0.0,
        0.39237862400000006,
        0.3570150410000001,
        0.355403254,
        0.3565633749999999,
        0.35527012500000005,
        0.354687584,
        0.35632775299999997,
        0.35600254000000003,
        0.3568402910000001,
        0.3568365029999999,
        0.3576350020000001,
        0.35672646,
        0.3570070029999999,
        0.36458933200000004,
        0.3552073719999999,
        0.35529766799999996,
        0.356562502,
        0.354476003,
        0.357018794,
        0.357161041,
        0.39360466999999993,
        0.3554765880000001,
        0.357892082,
        0.38270116600000004,
        0.359051706,
        0.39261524800000003,
        0.3551898770000001,
        0.3875413700000001,
        0.38471437599999997,
        0.361747,
        0.3599349600000001,
        0.355421797,
        0.3549991259999999,
        0.35639537500000007,
        0.356088956,
        0.356949161,
        0.354833418,
        0.355956708,
        0.35926095899999994,
        0.354820666,
        0.3919186660000001,
        0.46960658200000005,
        0.42761866499999995,
        0.35653145500000005,
        0.355243668,
        0.3576667110000001,
        0.35559320399999994,
        0.35685166500000004,
        0.35651862300000003,
        0.35854954599999994
    ],
    "system_energy": [
        4.2132413464036444,
        4.213241346402534,
        4.213241346402209,
        4.213241346402109,
        4.213241346402178,
        4.213241346402214,
        4.213241346402162,
        4.21324134640236,
        4.213241346402243,
        4.213241346402272,
        4.213241346402206,
        4.213241346402208,
        4.213241346402254,
        4.213241346402379,
        4.213241346402276,
        4.2132413464024046,
        4.213241346402414,
        4.213241346402399,
        4.2132413464023,
        4.213241346402234,
        4.213241346402085,
        4.213241346402126,
        4.213241346402148,
        4.213241346402162,
        4.213241346401998,
        4.213241346402033,
        4.213241346402066,
        4.213241346402162,
        4.213241346402166,
        4.213241346402077,
        4.213241346402182,
        4.213241346402213,
        4.213241346402345,
        4.21324134640227,
        4.213241346402309,
        4.213241346402423,
        4.213241346402444,
        4.2132413464025475,
        4.213241346402635,
        4.213241346402502,
        4.213241346402431,
        4.21324134640253,
        4.21324134640246,
        4.213241346402423,
        4.213241346402555,
        4.2132413464024765,
        4.21324134640252,
        4.213241346402431,
        4.213241346402391,
        4.213241346402438,
        4.213241346402519
    ],
    "system_power": [
        [
            0.49999999999999983,
            0.49999999999992073,
            0.4999999999999007,
            0.49999999999989286,
            0.4999999999998837,
            0.49999999999991834,
            0.4999999999998961,
            0.4999999999999398,
            0.49999999999993583,
            0.4999999999999418,
            0.499999999999938,
            0.4999999999999027,
            0.49999999999989525,
            0.49999999999994726,
            0.49999999999993233,
            0.49999999999995676,
            0.49999999999994743,
            0.49999999999995,
            0.4999999999999381,
            0.49999999999994216,
            0.49999999999993233,
            0.4999999999999199,
            0.49999999999992756,
            0.4999999999999189,
            0.4999999999999175,
            0.49999999999989686,
            0.4999999999999079,
            0.4999999999999145,
            0.4999999999999116,
            0.4999999999999025,
            0.4999999999999178,
            0.499999999999921,
            0.4999999999999373,
            0.4999999999999376,
            0.49999999999997075,
            0.4999999999999633,
            0.4999999999999661,
            0.49999999999996964,
            0.4999999999999861,
            0.49999999999997513,
            0.49999999999996375,
            0.49999999999996464,
            0.49999999999998146,
            0.49999999999999856,
            0.4999999999999904,
            0.499999999999979,
            0.4999999999999913,
            0.4999999999999842,
            0.5000000000000017,
            0.49999999999998584,
            0.5000000000000048
        ],
        [
            0.49999999999999983,
            0.49999999999992073,
            0.4999999999999007,
            0.49999999999989286,
            0.4999999999998837,
            0.49999999999991834,
            0.4999999999998961,
            0.4999999999999398,
            0.49999999999993583,
            0.4999999999999418,
            0.499999999999938,
            0.4999999999999027,
            0.49999999999989525,
            0.49999999999994726,
            0.49999999999993233,
            0.49999999999995676,
            0.49999999999994743,
            0.49999999999995,
            0.4999999999999381,
            0.49999999999994216,
            0.49999999999993233,
            0.4999999999999199,
            0.49999999999992756,
            0.4999999999999189,
            0.4999999999999175,
            0.49999999999989686,
            0.4999999999999079,
            0.4999999999999145,
            0.4999999999999116,
            0.4999999999999025,
            0.4999999999999178,
            0.499999999999921,
            0.4999999999999373,
            0.4999999999999376,
            0.49999999999997075,
            0.4999999999999633,
            0.4999999999999661,
            0.49999999999996964,
            0.4999999999999861,
            0.49999999999997513,
            0.49999999999996375,
            0.49999999999996464,
            0.49999999999998146,
            0.49999999999999856,
            0.4999999999999904,
            0.499999999999979,
            0.4999999999999913,
            0.4999999999999842,
            0.5000000000000017,
            0.49999999999998584,
            0.5000000000000048
        ],
        [
            0.49999999999999983,
            0.49999999999992073,
            0.4999999999999007,
            0.49999999999989286,
            0.4999999999998837,
            0.49999999999991834,
            0.4999999999998961,
            0.4999999999999398,
            0.49999999999993583,
            0.4999999999999418,
            0.499999999999938,
            0.4999999999999027,
            0.49999999999989525,
            0.49999999999994726,
            0.49999999999993233,
            0.49999999999995676,
            0.49999999999994743,
            0.49999999999995,
            0.4999999999999381,
            0.49999999999994216,
            0.49999999999993233,
            0.4999999999999199,
            0.49999999999992756,
            0.4999999999999189,
            0.4999999999999175,
            0.49999999999989686,
            0.4999999999999079,
            0.4999999999999145,
            0.4999999999999116,
            0.4999999999999025,
            0.4999999999999178,
            0.499999999999921,
            0.4999999999999373,
            0.4999999999999376,
            0.49999999999997075,
            0.4999999999999633,
            0.4999999999999661,
            0.49999999999996964,
            0.4999999999999861,
            0.49999999999997513,
            0.49999999999996375,
            0.49999999999996464,
            0.49999999999998146,
            0.49999999999999856,
            0.4999999999999904,
            0.499999999999979,
            0.4999999999999913,
            0.4999999999999842,
            0.5000000000000017,
            0.49999999999998584,
            0.5000000000000048
        ],
        [
            0.49999999999999983,
            0.49999999999992073,
            0.4999999999999007,
            0.49999999999989286,
            0.4999999999998837,
            0.49999999999991834,
