{
    "solver_time": [
        0.0,
        0.277848752,
        0.2584919540000001,
        0.259260415,
        0.22645058400000007,
        0.257554414,
        0.25939466800000005,
        0.2425885030000001,
        0.26735446200000007,
        0.25911554400000003,
        0.25891954000000006,
        0.2585235,
        0.258760166,
        0.258523454,
        0.259460461,
        0.260670628,
        0.258977419,
        0.258125543,
        0.25951549900000004,
        0.25089637499999995,
        0.258818706,
        0.277401209,
        0.258161337,
        0.225713168,
        0.258987542,
        0.25851004,
        0.25935453999999997,
        0.25898470999999995,
        0.25795425,
        0.25919550199999997,
        0.25915942000000003,
        0.2585644980000001,
        0.257451212,
        0.25823045899999997,
        0.258326793,
        0.243292708,
        0.2591130430000001,
        0.25830733300000003,
        0.25963375200000005,
        0.25876162100000005,
        0.262482708,
        0.27553853700000003,
        0.32840233100000005,
        0.293595708,
        0.26251896100000005,
        0.3096220009999999,
        0.235763211,
        0.26515316699999997,
        0.262013788,
        0.242160708,
        0.27070212500000007
    ],
    "system_energy": [
        3.1267737165590255,
        3.126773716558123,
        3.1267737165576386,
        3.1267737165576692,
        3.1267737165576315,
        3.126773716557435,
        3.126773716557463,
        3.1267737165573397,
        3.1267737165573144,
        3.126773716557184,
        3.1267737165572402,
        3.1267737165572056,
        3.126773716557177,
        3.126773716557062,
        3.1267737165570373,
        3.1267737165569685,
        3.126773716556954,
        3.126773716556942,
        3.1267737165569267,
        3.126773716557027,
        3.1267737165570644,
        3.1267737165571243,
        3.126773716557139,
        3.1267737165571754,
        3.126773716557209,
        3.12677371655726,
        3.12677371655721,
        3.1267737165571883,
        3.1267737165571727,
        3.126773716557243,
        3.1267737165571385,
        3.1267737165570044,
        3.126773716557039,
        3.1267737165569693,
        3.126773716556874,
        3.1267737165569582,
        3.126773716557011,
        3.1267737165570204,
        3.1267737165569907,
        3.1267737165568956,
        3.1267737165570058,
        3.1267737165569716,
        3.1267737165570004,
        3.126773716557115,
        3.1267737165571314,
        3.12677371655704,
        3.1267737165569973,
        3.1267737165569387,
        3.1267737165570892,
        3.1267737165570555,
        3.126773716556998
    ],
    "system_power": [
        [
            0.49999999999999994,
            0.49999999999982286,
            0.4999999999997189,
            0.4999999999997349,
            0.49999999999975064,
            0.4999999999997157,
            0.49999999999971945,
            0.4999999999997032,
            0.499999999999683,
            0.49999999999965644,
            0.49999999999967987,
            0.49999999999968153,
            0.49999999999966827,
            0.499999999999663,
            0.4999999999996548,
            0.4999999999996599,
            0.4999999999996744,
            0.49999999999967276,
            0.4999999999996834,
            0.4999999999997119,
            0.4999999999996985,
            0.4999999999997092,
            0.499999999999735,
            0.4999999999997601,
            0.4999999999997468,
            0.4999999999997661,
            0.49999999999973627,
            0.4999999999997123,
            0.49999999999973116,
            0.4999999999997457,
            0.4999999999997283,
            0.4999999999996857,
            0.49999999999968714,
            0.4999999999996838,
            0.4999999999996582,
            0.49999999999968436,
            0.4999999999997119,
            0.4999999999997163,
            0.4999999999996914,
            0.4999999999996693,
            0.49999999999966416,
            0.49999999999967043,
            0.49999999999965844,
            0.4999999999996478,
            0.4999999999996486,
            0.4999999999996589,
            0.49999999999962913,
            0.49999999999962513,
            0.49999999999966915,
            0.4999999999996495,
            0.4999999999996285
        ],
        [
            0.49999999999999994,
            0.49999999999982286,
            0.4999999999997189,
            0.4999999999997349,
            0.49999999999975064,
            0.4999999999997157,
            0.49999999999971945,
            0.4999999999997032,
            0.499999999999683,
            0.49999999999965644,
            0.49999999999967987,
            0.49999999999968153,
            0.49999999999966827,
            0.499999999999663,
            0.4999999999996548,
            0.4999999999996599,
            0.4999999999996744,
            0.49999999999967276,
            0.4999999999996834,
            0.4999999999997119,
            0.4999999999996985,
            0.4999999999997092,
            0.499999999999735,
            0.4999999999997601,
            0.4999999999997468,
            0.4999999999997661,
            0.49999999999973627,
            0.4999999999997123,
            0.49999999999973116,
            0.4999999999997457,
            0.4999999999997283,
            0.4999999999996857,
            0.49999999999968714,
            0.4999999999996838,
            0.4999999999996582,
            0.49999999999968436,
            0.4999999999997119,
            0.4999999999997163,
            0.4999999999996914,
            0.4999999999996693,
            0.49999999999966416,
            0.49999999999967043,
            0.49999999999965844,
            0.4999999999996478,
            0.4999999999996486,
            0.4999999999996589,
            0.49999999999962913,
            0.49999999999962513,
            0.49999999999966915,
            0.4999999999996495,
            0.4999999999996285
        ],
        [
            0.49999999999999994,
            0.49999999999982286,
            0.4999999999997189,
            0.4999999999997349,
            0.49999999999975064,
            0.4999999999997157,
            0.49999999999971945,
            0.4999999999997032,
            0.499999999999683,
            0.49999999999965644,
            0.49999999999967987,
            0.49999999999968153,
            0.49999999999966827,
            0.499999999999663,
            0.4999999999996548,
            0.4999999999996599,
            0.4999999999996744,
            0.49999999999967276,
            0.4999999999996834,
            0.4999999999997119,
            0.4999999999996985,
            0.4999999999997092,
            0.499999999999735,
            0.4999999999997601,
            0.4999999999997468,
            0.4999999999997661,
            0.49999999999973627,
            0.4999999999997123,
            0.49999999999973116,
            0.4999999999997457,
            0.4999999999997283,
            0.4999999999996857,
            0.49999999999968714,
            0.4999999999996838,
            0.4999999999996582,
            0.49999999999968436,
            0.4999999999997119,
            0.4999999999997163,
            0.4999999999996914,
            0.4999999999996693,
            0.49999999999966416,
            0.49999999999967043,
            0.49999999999965844,
            0.4999999999996478,
            0.4999999999996486,
            0.4999999999996589,
            0.49999999999962913,
            0.49999999999962513,
            0.49999999999966915,
            0.4999999999996495,
            0.4999999999996285
        ]
    ],